filename,label
1.html,XX省$XX市$XX区$XX街道$XX路$XX号$113.67234$23.442371
2.html,XX省$XX市$XX区$XX街道$XX路$XX号$113.67234$23.442371
3.html,XX省$XX市$XX区$XX街道$XX路$XX号$113.67234$23.442371
4.html,XX省$XX市$XX区$XX街道$XX路$XX号$113.67234$23.442371
5.html,XX省$XX市$XX区$XX街道$XX路$XX号$113.67234$23.442371
6.html,XX省$XX市$XX区$XX街道$XX路$XX号$113.67234$23.442371
7.html,XX省$XX市$XX区$XX街道$XX路$XX号$113.67234$23.442371
8.html,XX省$XX市$XX区$XX街道$XX路$XX号$113.67234$23.442371
9.html,XX省$XX市$XX区$XX街道$XX路$XX号$113.67234$23.442371
10.html,XX省$XX市$XX区$XX街道$XX路$XX号$113.67234$23.442371
11.html,XX省$XX市$XX区$XX街道$XX路$XX号$113.67234$23.442371
12.html,XX省$XX市$XX区$XX街道$XX路$XX号$113.67234$23.442371
13.html,XX省$XX市$XX区$XX街道$XX路$XX号$113.67234$23.442371
14.html,XX省$XX市$XX区$XX街道$XX路$XX号$113.67234$23.442371
15.html,XX省$XX市$XX区$XX街道$XX路$XX号$113.67234$23.442371
16.html,XX省$XX市$XX区$XX街道$XX路$XX号$113.67234$23.442371
17.html,XX省$XX市$XX区$XX街道$XX路$XX号$113.67234$23.442371
18.html,XX省$XX市$XX区$XX街道$XX路$XX号$113.67234$23.442371
19.html,XX省$XX市$XX区$XX街道$XX路$XX号$113.67234$23.442371
20.html,XX省$XX市$XX区$XX街道$XX路$XX号$113.67234$23.442371
21.html,XX省$XX市$XX区$XX街道$XX路$XX号$113.67234$23.442371
22.html,XX省$XX市$XX区$XX街道$XX路$XX号$113.67234$23.442371
23.html,XX省$XX市$XX区$XX街道$XX路$XX号$113.67234$23.442371
24.html,XX省$XX市$XX区$XX街道$XX路$XX号$113.67234$23.442371
25.html,XX省$XX市$XX区$XX街道$XX路$XX号$113.67234$23.442371
26.html,XX省$XX市$XX区$XX街道$XX路$XX号$113.67234$23.442371
27.html,XX省$XX市$XX区$XX街道$XX路$XX号$113.67234$23.442371
28.html,XX省$XX市$XX区$XX街道$XX路$XX号$113.67234$23.442371
29.html,XX省$XX市$XX区$XX街道$XX路$XX号$113.67234$23.442371
30.html,XX省$XX市$XX区$XX街道$XX路$XX号$113.67234$23.442371
31.html,XX省$XX市$XX区$XX街道$XX路$XX号$113.67234$23.442371
32.html,XX省$XX市$XX区$XX街道$XX路$XX号$113.67234$23.442371
33.html,XX省$XX市$XX区$XX街道$XX路$XX号$113.67234$23.442371
34.html,XX省$XX市$XX区$XX街道$XX路$XX号$113.67234$23.442371
35.html,XX省$XX市$XX区$XX街道$XX路$XX号$113.67234$23.442371
36.html,XX省$XX市$XX区$XX街道$XX路$XX号$113.67234$23.442371
37.html,XX省$XX市$XX区$XX街道$XX路$XX号$113.67234$23.442371
38.html,XX省$XX市$XX区$XX街道$XX路$XX号$113.67234$23.442371
39.html,XX省$XX市$XX区$XX街道$XX路$XX号$113.67234$23.442371
40.html,XX省$XX市$XX区$XX街道$XX路$XX号$113.67234$23.442371
41.html,XX省$XX市$XX区$XX街道$XX路$XX号$113.67234$23.442371
42.html,XX省$XX市$XX区$XX街道$XX路$XX号$113.67234$23.442371
43.html,XX省$XX市$XX区$XX街道$XX路$XX号$113.67234$23.442371
44.html,XX省$XX市$XX区$XX街道$XX路$XX号$113.67234$23.442371
45.html,XX省$XX市$XX区$XX街道$XX路$XX号$113.67234$23.442371
46.html,XX省$XX市$XX区$XX街道$XX路$XX号$113.67234$23.442371
47.html,XX省$XX市$XX区$XX街道$XX路$XX号$113.67234$23.442371
48.html,XX省$XX市$XX区$XX街道$XX路$XX号$113.67234$23.442371
49.html,XX省$XX市$XX区$XX街道$XX路$XX号$113.67234$23.442371
50.html,XX省$XX市$XX区$XX街道$XX路$XX号$113.67234$23.442371
51.html,XX省$XX市$XX区$XX街道$XX路$XX号$113.67234$23.442371
52.html,XX省$XX市$XX区$XX街道$XX路$XX号$113.67234$23.442371
53.html,XX省$XX市$XX区$XX街道$XX路$XX号$113.67234$23.442371
54.html,XX省$XX市$XX区$XX街道$XX路$XX号$113.67234$23.442371
55.html,XX省$XX市$XX区$XX街道$XX路$XX号$113.67234$23.442371
56.html,XX省$XX市$XX区$XX街道$XX路$XX号$113.67234$23.442371
57.html,XX省$XX市$XX区$XX街道$XX路$XX号$113.67234$23.442371
58.html,XX省$XX市$XX区$XX街道$XX路$XX号$113.67234$23.442371
59.html,XX省$XX市$XX区$XX街道$XX路$XX号$113.67234$23.442371
60.html,XX省$XX市$XX区$XX街道$XX路$XX号$113.67234$23.442371
61.html,XX省$XX市$XX区$XX街道$XX路$XX号$113.67234$23.442371
62.html,XX省$XX市$XX区$XX街道$XX路$XX号$113.67234$23.442371
63.html,XX省$XX市$XX区$XX街道$XX路$XX号$113.67234$23.442371
64.html,XX省$XX市$XX区$XX街道$XX路$XX号$113.67234$23.442371
65.html,XX省$XX市$XX区$XX街道$XX路$XX号$113.67234$23.442371
66.html,XX省$XX市$XX区$XX街道$XX路$XX号$113.67234$23.442371
67.html,XX省$XX市$XX区$XX街道$XX路$XX号$113.67234$23.442371
68.html,XX省$XX市$XX区$XX街道$XX路$XX号$113.67234$23.442371
69.html,XX省$XX市$XX区$XX街道$XX路$XX号$113.67234$23.442371
70.html,XX省$XX市$XX区$XX街道$XX路$XX号$113.67234$23.442371
71.html,XX省$XX市$XX区$XX街道$XX路$XX号$113.67234$23.442371
72.html,XX省$XX市$XX区$XX街道$XX路$XX号$113.67234$23.442371
73.html,XX省$XX市$XX区$XX街道$XX路$XX号$113.67234$23.442371
74.html,XX省$XX市$XX区$XX街道$XX路$XX号$113.67234$23.442371
75.html,XX省$XX市$XX区$XX街道$XX路$XX号$113.67234$23.442371
76.html,XX省$XX市$XX区$XX街道$XX路$XX号$113.67234$23.442371
77.html,XX省$XX市$XX区$XX街道$XX路$XX号$113.67234$23.442371
78.html,XX省$XX市$XX区$XX街道$XX路$XX号$113.67234$23.442371
79.html,XX省$XX市$XX区$XX街道$XX路$XX号$113.67234$23.442371
80.html,XX省$XX市$XX区$XX街道$XX路$XX号$113.67234$23.442371
81.html,XX省$XX市$XX区$XX街道$XX路$XX号$113.67234$23.442371
82.html,XX省$XX市$XX区$XX街道$XX路$XX号$113.67234$23.442371
83.html,XX省$XX市$XX区$XX街道$XX路$XX号$113.67234$23.442371
84.html,XX省$XX市$XX区$XX街道$XX路$XX号$113.67234$23.442371
85.html,XX省$XX市$XX区$XX街道$XX路$XX号$113.67234$23.442371
86.html,XX省$XX市$XX区$XX街道$XX路$XX号$113.67234$23.442371
87.html,XX省$XX市$XX区$XX街道$XX路$XX号$113.67234$23.442371
88.html,XX省$XX市$XX区$XX街道$XX路$XX号$113.67234$23.442371
89.html,XX省$XX市$XX区$XX街道$XX路$XX号$113.67234$23.442371
90.html,XX省$XX市$XX区$XX街道$XX路$XX号$113.67234$23.442371
91.html,XX省$XX市$XX区$XX街道$XX路$XX号$113.67234$23.442371
92.html,XX省$XX市$XX区$XX街道$XX路$XX号$113.67234$23.442371
93.html,XX省$XX市$XX区$XX街道$XX路$XX号$113.67234$23.442371
94.html,XX省$XX市$XX区$XX街道$XX路$XX号$113.67234$23.442371
95.html,XX省$XX市$XX区$XX街道$XX路$XX号$113.67234$23.442371
96.html,XX省$XX市$XX区$XX街道$XX路$XX号$113.67234$23.442371
97.html,XX省$XX市$XX区$XX街道$XX路$XX号$113.67234$23.442371
98.html,XX省$XX市$XX区$XX街道$XX路$XX号$113.67234$23.442371
99.html,XX省$XX市$XX区$XX街道$XX路$XX号$113.67234$23.442371
100.html,XX省$XX市$XX区$XX街道$XX路$XX号$113.67234$23.442371
101.html,XX省$XX市$XX区$XX街道$XX路$XX号$113.67234$23.442371
102.html,XX省$XX市$XX区$XX街道$XX路$XX号$113.67234$23.442371
103.html,XX省$XX市$XX区$XX街道$XX路$XX号$113.67234$23.442371
104.html,XX省$XX市$XX区$XX街道$XX路$XX号$113.67234$23.442371
105.html,XX省$XX市$XX区$XX街道$XX路$XX号$113.67234$23.442371
106.html,XX省$XX市$XX区$XX街道$XX路$XX号$113.67234$23.442371
107.html,XX省$XX市$XX区$XX街道$XX路$XX号$113.67234$23.442371
108.html,XX省$XX市$XX区$XX街道$XX路$XX号$113.67234$23.442371
109.html,XX省$XX市$XX区$XX街道$XX路$XX号$113.67234$23.442371
110.html,XX省$XX市$XX区$XX街道$XX路$XX号$113.67234$23.442371
111.html,XX省$XX市$XX区$XX街道$XX路$XX号$113.67234$23.442371
112.html,XX省$XX市$XX区$XX街道$XX路$XX号$113.67234$23.442371
113.html,XX省$XX市$XX区$XX街道$XX路$XX号$113.67234$23.442371
114.html,XX省$XX市$XX区$XX街道$XX路$XX号$113.67234$23.442371
115.html,XX省$XX市$XX区$XX街道$XX路$XX号$113.67234$23.442371
116.html,XX省$XX市$XX区$XX街道$XX路$XX号$113.67234$23.442371
117.html,XX省$XX市$XX区$XX街道$XX路$XX号$113.67234$23.442371
118.html,XX省$XX市$XX区$XX街道$XX路$XX号$113.67234$23.442371
119.html,XX省$XX市$XX区$XX街道$XX路$XX号$113.67234$23.442371
120.html,XX省$XX市$XX区$XX街道$XX路$XX号$113.67234$23.442371
121.html,XX省$XX市$XX区$XX街道$XX路$XX号$113.67234$23.442371
122.html,XX省$XX市$XX区$XX街道$XX路$XX号$113.67234$23.442371
123.html,XX省$XX市$XX区$XX街道$XX路$XX号$113.67234$23.442371
124.html,XX省$XX市$XX区$XX街道$XX路$XX号$113.67234$23.442371
125.html,XX省$XX市$XX区$XX街道$XX路$XX号$113.67234$23.442371
126.html,XX省$XX市$XX区$XX街道$XX路$XX号$113.67234$23.442371
127.html,XX省$XX市$XX区$XX街道$XX路$XX号$113.67234$23.442371
128.html,XX省$XX市$XX区$XX街道$XX路$XX号$113.67234$23.442371
129.html,XX省$XX市$XX区$XX街道$XX路$XX号$113.67234$23.442371
130.html,XX省$XX市$XX区$XX街道$XX路$XX号$113.67234$23.442371
131.html,XX省$XX市$XX区$XX街道$XX路$XX号$113.67234$23.442371
132.html,XX省$XX市$XX区$XX街道$XX路$XX号$113.67234$23.442371
133.html,XX省$XX市$XX区$XX街道$XX路$XX号$113.67234$23.442371
134.html,XX省$XX市$XX区$XX街道$XX路$XX号$113.67234$23.442371
135.html,XX省$XX市$XX区$XX街道$XX路$XX号$113.67234$23.442371
136.html,XX省$XX市$XX区$XX街道$XX路$XX号$113.67234$23.442371
137.html,XX省$XX市$XX区$XX街道$XX路$XX号$113.67234$23.442371
138.html,XX省$XX市$XX区$XX街道$XX路$XX号$113.67234$23.442371
139.html,XX省$XX市$XX区$XX街道$XX路$XX号$113.67234$23.442371
140.html,XX省$XX市$XX区$XX街道$XX路$XX号$113.67234$23.442371
141.html,XX省$XX市$XX区$XX街道$XX路$XX号$113.67234$23.442371
142.html,XX省$XX市$XX区$XX街道$XX路$XX号$113.67234$23.442371
143.html,XX省$XX市$XX区$XX街道$XX路$XX号$113.67234$23.442371
144.html,XX省$XX市$XX区$XX街道$XX路$XX号$113.67234$23.442371
145.html,XX省$XX市$XX区$XX街道$XX路$XX号$113.67234$23.442371
146.html,XX省$XX市$XX区$XX街道$XX路$XX号$113.67234$23.442371
147.html,XX省$XX市$XX区$XX街道$XX路$XX号$113.67234$23.442371
148.html,XX省$XX市$XX区$XX街道$XX路$XX号$113.67234$23.442371
149.html,XX省$XX市$XX区$XX街道$XX路$XX号$113.67234$23.442371
150.html,XX省$XX市$XX区$XX街道$XX路$XX号$113.67234$23.442371
151.html,XX省$XX市$XX区$XX街道$XX路$XX号$113.67234$23.442371
152.html,XX省$XX市$XX区$XX街道$XX路$XX号$113.67234$23.442371
153.html,XX省$XX市$XX区$XX街道$XX路$XX号$113.67234$23.442371
154.html,XX省$XX市$XX区$XX街道$XX路$XX号$113.67234$23.442371
155.html,XX省$XX市$XX区$XX街道$XX路$XX号$113.67234$23.442371
156.html,XX省$XX市$XX区$XX街道$XX路$XX号$113.67234$23.442371
157.html,XX省$XX市$XX区$XX街道$XX路$XX号$113.67234$23.442371
158.html,XX省$XX市$XX区$XX街道$XX路$XX号$113.67234$23.442371
159.html,XX省$XX市$XX区$XX街道$XX路$XX号$113.67234$23.442371
160.html,XX省$XX市$XX区$XX街道$XX路$XX号$113.67234$23.442371
161.html,XX省$XX市$XX区$XX街道$XX路$XX号$113.67234$23.442371
162.html,XX省$XX市$XX区$XX街道$XX路$XX号$113.67234$23.442371
163.html,XX省$XX市$XX区$XX街道$XX路$XX号$113.67234$23.442371
164.html,XX省$XX市$XX区$XX街道$XX路$XX号$113.67234$23.442371
165.html,XX省$XX市$XX区$XX街道$XX路$XX号$113.67234$23.442371
166.html,XX省$XX市$XX区$XX街道$XX路$XX号$113.67234$23.442371
167.html,XX省$XX市$XX区$XX街道$XX路$XX号$113.67234$23.442371
168.html,XX省$XX市$XX区$XX街道$XX路$XX号$113.67234$23.442371
169.html,XX省$XX市$XX区$XX街道$XX路$XX号$113.67234$23.442371
170.html,XX省$XX市$XX区$XX街道$XX路$XX号$113.67234$23.442371
171.html,XX省$XX市$XX区$XX街道$XX路$XX号$113.67234$23.442371
172.html,XX省$XX市$XX区$XX街道$XX路$XX号$113.67234$23.442371
173.html,XX省$XX市$XX区$XX街道$XX路$XX号$113.67234$23.442371
174.html,XX省$XX市$XX区$XX街道$XX路$XX号$113.67234$23.442371
175.html,XX省$XX市$XX区$XX街道$XX路$XX号$113.67234$23.442371
176.html,XX省$XX市$XX区$XX街道$XX路$XX号$113.67234$23.442371
177.html,XX省$XX市$XX区$XX街道$XX路$XX号$113.67234$23.442371
178.html,XX省$XX市$XX区$XX街道$XX路$XX号$113.67234$23.442371
179.html,XX省$XX市$XX区$XX街道$XX路$XX号$113.67234$23.442371
180.html,XX省$XX市$XX区$XX街道$XX路$XX号$113.67234$23.442371
181.html,XX省$XX市$XX区$XX街道$XX路$XX号$113.67234$23.442371
182.html,XX省$XX市$XX区$XX街道$XX路$XX号$113.67234$23.442371
183.html,XX省$XX市$XX区$XX街道$XX路$XX号$113.67234$23.442371
184.html,XX省$XX市$XX区$XX街道$XX路$XX号$113.67234$23.442371
185.html,XX省$XX市$XX区$XX街道$XX路$XX号$113.67234$23.442371
186.html,XX省$XX市$XX区$XX街道$XX路$XX号$113.67234$23.442371
187.html,XX省$XX市$XX区$XX街道$XX路$XX号$113.67234$23.442371
188.html,XX省$XX市$XX区$XX街道$XX路$XX号$113.67234$23.442371
189.html,XX省$XX市$XX区$XX街道$XX路$XX号$113.67234$23.442371
190.html,XX省$XX市$XX区$XX街道$XX路$XX号$113.67234$23.442371
191.html,XX省$XX市$XX区$XX街道$XX路$XX号$113.67234$23.442371
192.html,XX省$XX市$XX区$XX街道$XX路$XX号$113.67234$23.442371
193.html,XX省$XX市$XX区$XX街道$XX路$XX号$113.67234$23.442371
194.html,XX省$XX市$XX区$XX街道$XX路$XX号$113.67234$23.442371
195.html,XX省$XX市$XX区$XX街道$XX路$XX号$113.67234$23.442371
196.html,XX省$XX市$XX区$XX街道$XX路$XX号$113.67234$23.442371
197.html,XX省$XX市$XX区$XX街道$XX路$XX号$113.67234$23.442371
198.html,XX省$XX市$XX区$XX街道$XX路$XX号$113.67234$23.442371
199.html,XX省$XX市$XX区$XX街道$XX路$XX号$113.67234$23.442371
200.html,XX省$XX市$XX区$XX街道$XX路$XX号$113.67234$23.442371
201.html,XX省$XX市$XX区$XX街道$XX路$XX号$113.67234$23.442371
202.html,XX省$XX市$XX区$XX街道$XX路$XX号$113.67234$23.442371
203.html,XX省$XX市$XX区$XX街道$XX路$XX号$113.67234$23.442371
204.html,XX省$XX市$XX区$XX街道$XX路$XX号$113.67234$23.442371
205.html,XX省$XX市$XX区$XX街道$XX路$XX号$113.67234$23.442371
206.html,XX省$XX市$XX区$XX街道$XX路$XX号$113.67234$23.442371
207.html,XX省$XX市$XX区$XX街道$XX路$XX号$113.67234$23.442371
208.html,XX省$XX市$XX区$XX街道$XX路$XX号$113.67234$23.442371
209.html,XX省$XX市$XX区$XX街道$XX路$XX号$113.67234$23.442371
210.html,XX省$XX市$XX区$XX街道$XX路$XX号$113.67234$23.442371
211.html,XX省$XX市$XX区$XX街道$XX路$XX号$113.67234$23.442371
212.html,XX省$XX市$XX区$XX街道$XX路$XX号$113.67234$23.442371
213.html,XX省$XX市$XX区$XX街道$XX路$XX号$113.67234$23.442371
214.html,XX省$XX市$XX区$XX街道$XX路$XX号$113.67234$23.442371
215.html,XX省$XX市$XX区$XX街道$XX路$XX号$113.67234$23.442371
216.html,XX省$XX市$XX区$XX街道$XX路$XX号$113.67234$23.442371
217.html,XX省$XX市$XX区$XX街道$XX路$XX号$113.67234$23.442371
218.html,XX省$XX市$XX区$XX街道$XX路$XX号$113.67234$23.442371
219.html,XX省$XX市$XX区$XX街道$XX路$XX号$113.67234$23.442371
220.html,XX省$XX市$XX区$XX街道$XX路$XX号$113.67234$23.442371
221.html,XX省$XX市$XX区$XX街道$XX路$XX号$113.67234$23.442371
222.html,XX省$XX市$XX区$XX街道$XX路$XX号$113.67234$23.442371
223.html,XX省$XX市$XX区$XX街道$XX路$XX号$113.67234$23.442371
224.html,XX省$XX市$XX区$XX街道$XX路$XX号$113.67234$23.442371
225.html,XX省$XX市$XX区$XX街道$XX路$XX号$113.67234$23.442371
226.html,XX省$XX市$XX区$XX街道$XX路$XX号$113.67234$23.442371
227.html,XX省$XX市$XX区$XX街道$XX路$XX号$113.67234$23.442371
228.html,XX省$XX市$XX区$XX街道$XX路$XX号$113.67234$23.442371
229.html,XX省$XX市$XX区$XX街道$XX路$XX号$113.67234$23.442371
230.html,XX省$XX市$XX区$XX街道$XX路$XX号$113.67234$23.442371
231.html,XX省$XX市$XX区$XX街道$XX路$XX号$113.67234$23.442371
232.html,XX省$XX市$XX区$XX街道$XX路$XX号$113.67234$23.442371
233.html,XX省$XX市$XX区$XX街道$XX路$XX号$113.67234$23.442371
234.html,XX省$XX市$XX区$XX街道$XX路$XX号$113.67234$23.442371
235.html,XX省$XX市$XX区$XX街道$XX路$XX号$113.67234$23.442371
236.html,XX省$XX市$XX区$XX街道$XX路$XX号$113.67234$23.442371
237.html,XX省$XX市$XX区$XX街道$XX路$XX号$113.67234$23.442371
238.html,XX省$XX市$XX区$XX街道$XX路$XX号$113.67234$23.442371
239.html,XX省$XX市$XX区$XX街道$XX路$XX号$113.67234$23.442371
240.html,XX省$XX市$XX区$XX街道$XX路$XX号$113.67234$23.442371
241.html,XX省$XX市$XX区$XX街道$XX路$XX号$113.67234$23.442371
242.html,XX省$XX市$XX区$XX街道$XX路$XX号$113.67234$23.442371
243.html,XX省$XX市$XX区$XX街道$XX路$XX号$113.67234$23.442371
244.html,XX省$XX市$XX区$XX街道$XX路$XX号$113.67234$23.442371
245.html,XX省$XX市$XX区$XX街道$XX路$XX号$113.67234$23.442371
246.html,XX省$XX市$XX区$XX街道$XX路$XX号$113.67234$23.442371
247.html,XX省$XX市$XX区$XX街道$XX路$XX号$113.67234$23.442371
248.html,XX省$XX市$XX区$XX街道$XX路$XX号$113.67234$23.442371
249.html,XX省$XX市$XX区$XX街道$XX路$XX号$113.67234$23.442371
250.html,XX省$XX市$XX区$XX街道$XX路$XX号$113.67234$23.442371
251.html,XX省$XX市$XX区$XX街道$XX路$XX号$113.67234$23.442371
252.html,XX省$XX市$XX区$XX街道$XX路$XX号$113.67234$23.442371
253.html,XX省$XX市$XX区$XX街道$XX路$XX号$113.67234$23.442371
254.html,XX省$XX市$XX区$XX街道$XX路$XX号$113.67234$23.442371
255.html,XX省$XX市$XX区$XX街道$XX路$XX号$113.67234$23.442371
256.html,XX省$XX市$XX区$XX街道$XX路$XX号$113.67234$23.442371
257.html,XX省$XX市$XX区$XX街道$XX路$XX号$113.67234$23.442371
258.html,XX省$XX市$XX区$XX街道$XX路$XX号$113.67234$23.442371
259.html,XX省$XX市$XX区$XX街道$XX路$XX号$113.67234$23.442371
260.html,XX省$XX市$XX区$XX街道$XX路$XX号$113.67234$23.442371
261.html,XX省$XX市$XX区$XX街道$XX路$XX号$113.67234$23.442371
262.html,XX省$XX市$XX区$XX街道$XX路$XX号$113.67234$23.442371
263.html,XX省$XX市$XX区$XX街道$XX路$XX号$113.67234$23.442371
264.html,XX省$XX市$XX区$XX街道$XX路$XX号$113.67234$23.442371
265.html,XX省$XX市$XX区$XX街道$XX路$XX号$113.67234$23.442371
266.html,XX省$XX市$XX区$XX街道$XX路$XX号$113.67234$23.442371
267.html,XX省$XX市$XX区$XX街道$XX路$XX号$113.67234$23.442371
268.html,XX省$XX市$XX区$XX街道$XX路$XX号$113.67234$23.442371
269.html,XX省$XX市$XX区$XX街道$XX路$XX号$113.67234$23.442371
270.html,XX省$XX市$XX区$XX街道$XX路$XX号$113.67234$23.442371
271.html,XX省$XX市$XX区$XX街道$XX路$XX号$113.67234$23.442371
272.html,XX省$XX市$XX区$XX街道$XX路$XX号$113.67234$23.442371
273.html,XX省$XX市$XX区$XX街道$XX路$XX号$113.67234$23.442371
274.html,XX省$XX市$XX区$XX街道$XX路$XX号$113.67234$23.442371
275.html,XX省$XX市$XX区$XX街道$XX路$XX号$113.67234$23.442371
276.html,XX省$XX市$XX区$XX街道$XX路$XX号$113.67234$23.442371
277.html,XX省$XX市$XX区$XX街道$XX路$XX号$113.67234$23.442371
278.html,XX省$XX市$XX区$XX街道$XX路$XX号$113.67234$23.442371
279.html,XX省$XX市$XX区$XX街道$XX路$XX号$113.67234$23.442371
280.html,XX省$XX市$XX区$XX街道$XX路$XX号$113.67234$23.442371
281.html,XX省$XX市$XX区$XX街道$XX路$XX号$113.67234$23.442371
282.html,XX省$XX市$XX区$XX街道$XX路$XX号$113.67234$23.442371
283.html,XX省$XX市$XX区$XX街道$XX路$XX号$113.67234$23.442371
284.html,XX省$XX市$XX区$XX街道$XX路$XX号$113.67234$23.442371
285.html,XX省$XX市$XX区$XX街道$XX路$XX号$113.67234$23.442371
286.html,XX省$XX市$XX区$XX街道$XX路$XX号$113.67234$23.442371
287.html,XX省$XX市$XX区$XX街道$XX路$XX号$113.67234$23.442371
288.html,XX省$XX市$XX区$XX街道$XX路$XX号$113.67234$23.442371
289.html,XX省$XX市$XX区$XX街道$XX路$XX号$113.67234$23.442371
290.html,XX省$XX市$XX区$XX街道$XX路$XX号$113.67234$23.442371
291.html,XX省$XX市$XX区$XX街道$XX路$XX号$113.67234$23.442371
292.html,XX省$XX市$XX区$XX街道$XX路$XX号$113.67234$23.442371
293.html,XX省$XX市$XX区$XX街道$XX路$XX号$113.67234$23.442371
294.html,XX省$XX市$XX区$XX街道$XX路$XX号$113.67234$23.442371
295.html,XX省$XX市$XX区$XX街道$XX路$XX号$113.67234$23.442371
296.html,XX省$XX市$XX区$XX街道$XX路$XX号$113.67234$23.442371
297.html,XX省$XX市$XX区$XX街道$XX路$XX号$113.67234$23.442371
298.html,XX省$XX市$XX区$XX街道$XX路$XX号$113.67234$23.442371
299.html,XX省$XX市$XX区$XX街道$XX路$XX号$113.67234$23.442371
300.html,XX省$XX市$XX区$XX街道$XX路$XX号$113.67234$23.442371
301.html,XX省$XX市$XX区$XX街道$XX路$XX号$113.67234$23.442371
302.html,XX省$XX市$XX区$XX街道$XX路$XX号$113.67234$23.442371
303.html,XX省$XX市$XX区$XX街道$XX路$XX号$113.67234$23.442371
304.html,XX省$XX市$XX区$XX街道$XX路$XX号$113.67234$23.442371
305.html,XX省$XX市$XX区$XX街道$XX路$XX号$113.67234$23.442371
306.html,XX省$XX市$XX区$XX街道$XX路$XX号$113.67234$23.442371
307.html,XX省$XX市$XX区$XX街道$XX路$XX号$113.67234$23.442371
308.html,XX省$XX市$XX区$XX街道$XX路$XX号$113.67234$23.442371
309.html,XX省$XX市$XX区$XX街道$XX路$XX号$113.67234$23.442371
310.html,XX省$XX市$XX区$XX街道$XX路$XX号$113.67234$23.442371
311.html,XX省$XX市$XX区$XX街道$XX路$XX号$113.67234$23.442371
312.html,XX省$XX市$XX区$XX街道$XX路$XX号$113.67234$23.442371
313.html,XX省$XX市$XX区$XX街道$XX路$XX号$113.67234$23.442371
314.html,XX省$XX市$XX区$XX街道$XX路$XX号$113.67234$23.442371
315.html,XX省$XX市$XX区$XX街道$XX路$XX号$113.67234$23.442371
316.html,XX省$XX市$XX区$XX街道$XX路$XX号$113.67234$23.442371
317.html,XX省$XX市$XX区$XX街道$XX路$XX号$113.67234$23.442371
318.html,XX省$XX市$XX区$XX街道$XX路$XX号$113.67234$23.442371
319.html,XX省$XX市$XX区$XX街道$XX路$XX号$113.67234$23.442371
320.html,XX省$XX市$XX区$XX街道$XX路$XX号$113.67234$23.442371
321.html,XX省$XX市$XX区$XX街道$XX路$XX号$113.67234$23.442371
322.html,XX省$XX市$XX区$XX街道$XX路$XX号$113.67234$23.442371
323.html,XX省$XX市$XX区$XX街道$XX路$XX号$113.67234$23.442371
324.html,XX省$XX市$XX区$XX街道$XX路$XX号$113.67234$23.442371
325.html,XX省$XX市$XX区$XX街道$XX路$XX号$113.67234$23.442371
326.html,XX省$XX市$XX区$XX街道$XX路$XX号$113.67234$23.442371
327.html,XX省$XX市$XX区$XX街道$XX路$XX号$113.67234$23.442371
328.html,XX省$XX市$XX区$XX街道$XX路$XX号$113.67234$23.442371
329.html,XX省$XX市$XX区$XX街道$XX路$XX号$113.67234$23.442371
330.html,XX省$XX市$XX区$XX街道$XX路$XX号$113.67234$23.442371
331.html,XX省$XX市$XX区$XX街道$XX路$XX号$113.67234$23.442371
332.html,XX省$XX市$XX区$XX街道$XX路$XX号$113.67234$23.442371
333.html,XX省$XX市$XX区$XX街道$XX路$XX号$113.67234$23.442371
334.html,XX省$XX市$XX区$XX街道$XX路$XX号$113.67234$23.442371
335.html,XX省$XX市$XX区$XX街道$XX路$XX号$113.67234$23.442371
336.html,XX省$XX市$XX区$XX街道$XX路$XX号$113.67234$23.442371
337.html,XX省$XX市$XX区$XX街道$XX路$XX号$113.67234$23.442371
338.html,XX省$XX市$XX区$XX街道$XX路$XX号$113.67234$23.442371
339.html,XX省$XX市$XX区$XX街道$XX路$XX号$113.67234$23.442371
340.html,XX省$XX市$XX区$XX街道$XX路$XX号$113.67234$23.442371
341.html,XX省$XX市$XX区$XX街道$XX路$XX号$113.67234$23.442371
342.html,XX省$XX市$XX区$XX街道$XX路$XX号$113.67234$23.442371
343.html,XX省$XX市$XX区$XX街道$XX路$XX号$113.67234$23.442371
344.html,XX省$XX市$XX区$XX街道$XX路$XX号$113.67234$23.442371
345.html,XX省$XX市$XX区$XX街道$XX路$XX号$113.67234$23.442371
346.html,XX省$XX市$XX区$XX街道$XX路$XX号$113.67234$23.442371
347.html,XX省$XX市$XX区$XX街道$XX路$XX号$113.67234$23.442371
348.html,XX省$XX市$XX区$XX街道$XX路$XX号$113.67234$23.442371
349.html,XX省$XX市$XX区$XX街道$XX路$XX号$113.67234$23.442371
350.html,XX省$XX市$XX区$XX街道$XX路$XX号$113.67234$23.442371
351.html,XX省$XX市$XX区$XX街道$XX路$XX号$113.67234$23.442371
352.html,XX省$XX市$XX区$XX街道$XX路$XX号$113.67234$23.442371
353.html,XX省$XX市$XX区$XX街道$XX路$XX号$113.67234$23.442371
354.html,XX省$XX市$XX区$XX街道$XX路$XX号$113.67234$23.442371
355.html,XX省$XX市$XX区$XX街道$XX路$XX号$113.67234$23.442371
356.html,XX省$XX市$XX区$XX街道$XX路$XX号$113.67234$23.442371
357.html,XX省$XX市$XX区$XX街道$XX路$XX号$113.67234$23.442371
358.html,XX省$XX市$XX区$XX街道$XX路$XX号$113.67234$23.442371
359.html,XX省$XX市$XX区$XX街道$XX路$XX号$113.67234$23.442371
360.html,XX省$XX市$XX区$XX街道$XX路$XX号$113.67234$23.442371
361.html,XX省$XX市$XX区$XX街道$XX路$XX号$113.67234$23.442371
362.html,XX省$XX市$XX区$XX街道$XX路$XX号$113.67234$23.442371
363.html,XX省$XX市$XX区$XX街道$XX路$XX号$113.67234$23.442371
364.html,XX省$XX市$XX区$XX街道$XX路$XX号$113.67234$23.442371
365.html,XX省$XX市$XX区$XX街道$XX路$XX号$113.67234$23.442371
366.html,XX省$XX市$XX区$XX街道$XX路$XX号$113.67234$23.442371
367.html,XX省$XX市$XX区$XX街道$XX路$XX号$113.67234$23.442371
368.html,XX省$XX市$XX区$XX街道$XX路$XX号$113.67234$23.442371
369.html,XX省$XX市$XX区$XX街道$XX路$XX号$113.67234$23.442371
370.html,XX省$XX市$XX区$XX街道$XX路$XX号$113.67234$23.442371
371.html,XX省$XX市$XX区$XX街道$XX路$XX号$113.67234$23.442371
372.html,XX省$XX市$XX区$XX街道$XX路$XX号$113.67234$23.442371
373.html,XX省$XX市$XX区$XX街道$XX路$XX号$113.67234$23.442371
374.html,XX省$XX市$XX区$XX街道$XX路$XX号$113.67234$23.442371
375.html,XX省$XX市$XX区$XX街道$XX路$XX号$113.67234$23.442371
376.html,XX省$XX市$XX区$XX街道$XX路$XX号$113.67234$23.442371
377.html,XX省$XX市$XX区$XX街道$XX路$XX号$113.67234$23.442371
378.html,XX省$XX市$XX区$XX街道$XX路$XX号$113.67234$23.442371
379.html,XX省$XX市$XX区$XX街道$XX路$XX号$113.67234$23.442371
380.html,XX省$XX市$XX区$XX街道$XX路$XX号$113.67234$23.442371
381.html,XX省$XX市$XX区$XX街道$XX路$XX号$113.67234$23.442371
382.html,XX省$XX市$XX区$XX街道$XX路$XX号$113.67234$23.442371
383.html,XX省$XX市$XX区$XX街道$XX路$XX号$113.67234$23.442371
384.html,XX省$XX市$XX区$XX街道$XX路$XX号$113.67234$23.442371
385.html,XX省$XX市$XX区$XX街道$XX路$XX号$113.67234$23.442371
386.html,XX省$XX市$XX区$XX街道$XX路$XX号$113.67234$23.442371
387.html,XX省$XX市$XX区$XX街道$XX路$XX号$113.67234$23.442371
388.html,XX省$XX市$XX区$XX街道$XX路$XX号$113.67234$23.442371
389.html,XX省$XX市$XX区$XX街道$XX路$XX号$113.67234$23.442371
390.html,XX省$XX市$XX区$XX街道$XX路$XX号$113.67234$23.442371
391.html,XX省$XX市$XX区$XX街道$XX路$XX号$113.67234$23.442371
392.html,XX省$XX市$XX区$XX街道$XX路$XX号$113.67234$23.442371
393.html,XX省$XX市$XX区$XX街道$XX路$XX号$113.67234$23.442371
394.html,XX省$XX市$XX区$XX街道$XX路$XX号$113.67234$23.442371
395.html,XX省$XX市$XX区$XX街道$XX路$XX号$113.67234$23.442371
396.html,XX省$XX市$XX区$XX街道$XX路$XX号$113.67234$23.442371
397.html,XX省$XX市$XX区$XX街道$XX路$XX号$113.67234$23.442371
398.html,XX省$XX市$XX区$XX街道$XX路$XX号$113.67234$23.442371
399.html,XX省$XX市$XX区$XX街道$XX路$XX号$113.67234$23.442371
400.html,XX省$XX市$XX区$XX街道$XX路$XX号$113.67234$23.442371
401.html,XX省$XX市$XX区$XX街道$XX路$XX号$113.67234$23.442371
402.html,XX省$XX市$XX区$XX街道$XX路$XX号$113.67234$23.442371
403.html,XX省$XX市$XX区$XX街道$XX路$XX号$113.67234$23.442371
404.html,XX省$XX市$XX区$XX街道$XX路$XX号$113.67234$23.442371
405.html,XX省$XX市$XX区$XX街道$XX路$XX号$113.67234$23.442371
406.html,XX省$XX市$XX区$XX街道$XX路$XX号$113.67234$23.442371
407.html,XX省$XX市$XX区$XX街道$XX路$XX号$113.67234$23.442371
408.html,XX省$XX市$XX区$XX街道$XX路$XX号$113.67234$23.442371
409.html,XX省$XX市$XX区$XX街道$XX路$XX号$113.67234$23.442371
410.html,XX省$XX市$XX区$XX街道$XX路$XX号$113.67234$23.442371
411.html,XX省$XX市$XX区$XX街道$XX路$XX号$113.67234$23.442371
412.html,XX省$XX市$XX区$XX街道$XX路$XX号$113.67234$23.442371
413.html,XX省$XX市$XX区$XX街道$XX路$XX号$113.67234$23.442371
414.html,XX省$XX市$XX区$XX街道$XX路$XX号$113.67234$23.442371
415.html,XX省$XX市$XX区$XX街道$XX路$XX号$113.67234$23.442371
416.html,XX省$XX市$XX区$XX街道$XX路$XX号$113.67234$23.442371
417.html,XX省$XX市$XX区$XX街道$XX路$XX号$113.67234$23.442371
418.html,XX省$XX市$XX区$XX街道$XX路$XX号$113.67234$23.442371
419.html,XX省$XX市$XX区$XX街道$XX路$XX号$113.67234$23.442371
420.html,XX省$XX市$XX区$XX街道$XX路$XX号$113.67234$23.442371
421.html,XX省$XX市$XX区$XX街道$XX路$XX号$113.67234$23.442371
422.html,XX省$XX市$XX区$XX街道$XX路$XX号$113.67234$23.442371
423.html,XX省$XX市$XX区$XX街道$XX路$XX号$113.67234$23.442371
424.html,XX省$XX市$XX区$XX街道$XX路$XX号$113.67234$23.442371
425.html,XX省$XX市$XX区$XX街道$XX路$XX号$113.67234$23.442371
426.html,XX省$XX市$XX区$XX街道$XX路$XX号$113.67234$23.442371
427.html,XX省$XX市$XX区$XX街道$XX路$XX号$113.67234$23.442371
428.html,XX省$XX市$XX区$XX街道$XX路$XX号$113.67234$23.442371
429.html,XX省$XX市$XX区$XX街道$XX路$XX号$113.67234$23.442371
430.html,XX省$XX市$XX区$XX街道$XX路$XX号$113.67234$23.442371
431.html,XX省$XX市$XX区$XX街道$XX路$XX号$113.67234$23.442371
432.html,XX省$XX市$XX区$XX街道$XX路$XX号$113.67234$23.442371
433.html,XX省$XX市$XX区$XX街道$XX路$XX号$113.67234$23.442371
434.html,XX省$XX市$XX区$XX街道$XX路$XX号$113.67234$23.442371
435.html,XX省$XX市$XX区$XX街道$XX路$XX号$113.67234$23.442371
436.html,XX省$XX市$XX区$XX街道$XX路$XX号$113.67234$23.442371
437.html,XX省$XX市$XX区$XX街道$XX路$XX号$113.67234$23.442371
438.html,XX省$XX市$XX区$XX街道$XX路$XX号$113.67234$23.442371
439.html,XX省$XX市$XX区$XX街道$XX路$XX号$113.67234$23.442371
440.html,XX省$XX市$XX区$XX街道$XX路$XX号$113.67234$23.442371
441.html,XX省$XX市$XX区$XX街道$XX路$XX号$113.67234$23.442371
442.html,XX省$XX市$XX区$XX街道$XX路$XX号$113.67234$23.442371
443.html,XX省$XX市$XX区$XX街道$XX路$XX号$113.67234$23.442371
444.html,XX省$XX市$XX区$XX街道$XX路$XX号$113.67234$23.442371
445.html,XX省$XX市$XX区$XX街道$XX路$XX号$113.67234$23.442371
446.html,XX省$XX市$XX区$XX街道$XX路$XX号$113.67234$23.442371
447.html,XX省$XX市$XX区$XX街道$XX路$XX号$113.67234$23.442371
448.html,XX省$XX市$XX区$XX街道$XX路$XX号$113.67234$23.442371
449.html,XX省$XX市$XX区$XX街道$XX路$XX号$113.67234$23.442371
450.html,XX省$XX市$XX区$XX街道$XX路$XX号$113.67234$23.442371
451.html,XX省$XX市$XX区$XX街道$XX路$XX号$113.67234$23.442371
452.html,XX省$XX市$XX区$XX街道$XX路$XX号$113.67234$23.442371
453.html,XX省$XX市$XX区$XX街道$XX路$XX号$113.67234$23.442371
454.html,XX省$XX市$XX区$XX街道$XX路$XX号$113.67234$23.442371
455.html,XX省$XX市$XX区$XX街道$XX路$XX号$113.67234$23.442371
456.html,XX省$XX市$XX区$XX街道$XX路$XX号$113.67234$23.442371
457.html,XX省$XX市$XX区$XX街道$XX路$XX号$113.67234$23.442371
458.html,XX省$XX市$XX区$XX街道$XX路$XX号$113.67234$23.442371
459.html,XX省$XX市$XX区$XX街道$XX路$XX号$113.67234$23.442371
460.html,XX省$XX市$XX区$XX街道$XX路$XX号$113.67234$23.442371
461.html,XX省$XX市$XX区$XX街道$XX路$XX号$113.67234$23.442371
462.html,XX省$XX市$XX区$XX街道$XX路$XX号$113.67234$23.442371
463.html,XX省$XX市$XX区$XX街道$XX路$XX号$113.67234$23.442371
464.html,XX省$XX市$XX区$XX街道$XX路$XX号$113.67234$23.442371
465.html,XX省$XX市$XX区$XX街道$XX路$XX号$113.67234$23.442371
466.html,XX省$XX市$XX区$XX街道$XX路$XX号$113.67234$23.442371
467.html,XX省$XX市$XX区$XX街道$XX路$XX号$113.67234$23.442371
468.html,XX省$XX市$XX区$XX街道$XX路$XX号$113.67234$23.442371
469.html,XX省$XX市$XX区$XX街道$XX路$XX号$113.67234$23.442371
470.html,XX省$XX市$XX区$XX街道$XX路$XX号$113.67234$23.442371
471.html,XX省$XX市$XX区$XX街道$XX路$XX号$113.67234$23.442371
472.html,XX省$XX市$XX区$XX街道$XX路$XX号$113.67234$23.442371
473.html,XX省$XX市$XX区$XX街道$XX路$XX号$113.67234$23.442371
474.html,XX省$XX市$XX区$XX街道$XX路$XX号$113.67234$23.442371
475.html,XX省$XX市$XX区$XX街道$XX路$XX号$113.67234$23.442371
476.html,XX省$XX市$XX区$XX街道$XX路$XX号$113.67234$23.442371
477.html,XX省$XX市$XX区$XX街道$XX路$XX号$113.67234$23.442371
478.html,XX省$XX市$XX区$XX街道$XX路$XX号$113.67234$23.442371
479.html,XX省$XX市$XX区$XX街道$XX路$XX号$113.67234$23.442371
480.html,XX省$XX市$XX区$XX街道$XX路$XX号$113.67234$23.442371
481.html,XX省$XX市$XX区$XX街道$XX路$XX号$113.67234$23.442371
482.html,XX省$XX市$XX区$XX街道$XX路$XX号$113.67234$23.442371
483.html,XX省$XX市$XX区$XX街道$XX路$XX号$113.67234$23.442371
484.html,XX省$XX市$XX区$XX街道$XX路$XX号$113.67234$23.442371
485.html,XX省$XX市$XX区$XX街道$XX路$XX号$113.67234$23.442371
486.html,XX省$XX市$XX区$XX街道$XX路$XX号$113.67234$23.442371
487.html,XX省$XX市$XX区$XX街道$XX路$XX号$113.67234$23.442371
488.html,XX省$XX市$XX区$XX街道$XX路$XX号$113.67234$23.442371
489.html,XX省$XX市$XX区$XX街道$XX路$XX号$113.67234$23.442371
490.html,XX省$XX市$XX区$XX街道$XX路$XX号$113.67234$23.442371
491.html,XX省$XX市$XX区$XX街道$XX路$XX号$113.67234$23.442371
492.html,XX省$XX市$XX区$XX街道$XX路$XX号$113.67234$23.442371
493.html,XX省$XX市$XX区$XX街道$XX路$XX号$113.67234$23.442371
494.html,XX省$XX市$XX区$XX街道$XX路$XX号$113.67234$23.442371
495.html,XX省$XX市$XX区$XX街道$XX路$XX号$113.67234$23.442371
496.html,XX省$XX市$XX区$XX街道$XX路$XX号$113.67234$23.442371
497.html,XX省$XX市$XX区$XX街道$XX路$XX号$113.67234$23.442371
498.html,XX省$XX市$XX区$XX街道$XX路$XX号$113.67234$23.442371
499.html,XX省$XX市$XX区$XX街道$XX路$XX号$113.67234$23.442371
500.html,XX省$XX市$XX区$XX街道$XX路$XX号$113.67234$23.442371
