界首市	DIS
颍州区	DIS
临泉县	DIS
阜南县	DIS
颍泉区	DIS
太和县	DIS
颍东区	DIS
颍上县	DIS
蜀山区	DIS
肥西县	DIS
肥东县	DIS
瑶海区	DIS
包河区	DIS
长丰县	DIS
庐阳区	DIS
巢湖市	DIS
庐江县	DIS
屯溪区	DIS
徽州区	DIS
歙县	DIS
黟县	DIS
祁门县	DIS
黄山区	DIS
休宁县	DIS
福清市	DIS
台江区	DIS
鼓楼区	DIS
永泰县	DIS
闽清县	DIS
晋安区	DIS
仓山区	DIS
闽侯县	DIS
连江县	DIS
长乐区	DIS
马尾区	DIS
罗源县	DIS
平潭县	DIS
晋江市	DIS
永春县	DIS
德化县	DIS
惠安县	DIS
南安市	DIS
安溪县	DIS
石狮市	DIS
鲤城区	DIS
丰泽区	DIS
泉港区	DIS
洛江区	DIS
金门县	DIS
集美区	DIS
思明区	DIS
湖里区	DIS
海沧区	DIS
翔安区	DIS
同安区	DIS
景泰县	DIS
白银区	DIS
平川区	DIS
会宁县	DIS
靖远县	DIS
肃州区	DIS
金塔县	DIS
阿克塞哈萨克族自治县	DIS
敦煌市	DIS
玉门市	DIS
瓜州县	DIS
肃北蒙古族自治县	DIS
西峰区	DIS
环县	DIS
庆城县	DIS
合水县	DIS
正宁县	DIS
华池县	DIS
镇原县	DIS
宁县	DIS
天河区	DIS
白云区	DIS
越秀区	DIS
海珠区	DIS
番禺区	DIS
荔湾区	DIS
花都区	DIS
黄埔区	DIS
增城区	DIS
从化区	DIS
南沙区	DIS
界首	DIS
颍州	DIS
临泉	DIS
阜南	DIS
颍泉	DIS
太和	DIS
颍东	DIS
颍上	DIS
蜀山	DIS
肥西	DIS
肥东	DIS
瑶海	DIS
包河	DIS
长丰	DIS
庐阳	DIS
巢湖	DIS
庐江	DIS
屯溪	DIS
徽州	DIS
歙县	DIS
黟县	DIS
祁门	DIS
黄山	DIS
休宁	DIS
福清	DIS
台江	DIS
鼓楼	DIS
永泰	DIS
闽清	DIS
晋安	DIS
仓山	DIS
闽侯	DIS
连江	DIS
长乐	DIS
马尾	DIS
罗源	DIS
平潭	DIS
晋江	DIS
永春	DIS
德化	DIS
惠安	DIS
南安	DIS
安溪	DIS
石狮	DIS
鲤城	DIS
丰泽	DIS
泉港	DIS
洛江	DIS
金门	DIS
集美	DIS
思明	DIS
湖里	DIS
海沧	DIS
翔安	DIS
同安	DIS
景泰	DIS
白银	DIS
平川	DIS
会宁	DIS
靖远	DIS
肃州	DIS
金塔	DIS
阿克塞哈萨克族自治县	DIS
敦煌	DIS
玉门	DIS
瓜州	DIS
肃北蒙古族自治县	DIS
西峰	DIS
环县	DIS
庆城	DIS
合水	DIS
正宁	DIS
华池	DIS
镇原	DIS
天河	DIS
白云	DIS
越秀	DIS
海珠	DIS
番禺	DIS
荔湾	DIS
花都	DIS
黄埔	DIS
增城	DIS
从化	DIS
南沙	DIS