西城街道	TOW
文峰街道	TOW
鼓楼街道	TOW
城关镇	TOW
城关	TOW
鹿城镇	TOW
鹿城	TOW
中市街道	TOW
阜阳开发区京九街道	TOW
东城街道	TOW
颍西街道	TOW
河东街道	TOW
慎城镇	TOW
慎城	TOW
颍南街道	TOW
清河街道	TOW
向阳街道	TOW
新华街道	TOW
正午镇	TOW
正午	TOW
洪山镇	TOW
洪山	TOW
袁集镇	TOW
袁集	TOW
三堂镇	TOW
三堂	TOW
迪沟镇	TOW
迪沟	TOW
周棚街道	TOW
洪河桥镇	TOW
洪河桥	TOW
陈集镇	TOW
陈集	TOW
牛庄乡	TOW
牛庄	TOW
开发区管理委员会	TOW
临泉工业园区	TOW
税镇镇	TOW
税镇	TOW
宋集镇	TOW
宋集	TOW
庞营乡	TOW
庞营	TOW
nan	TOW
中岗镇	TOW
中岗	TOW
陈桥镇	TOW
陈桥	TOW
郭庙乡	TOW
郭庙	TOW
陶老乡	TOW
陶老	TOW
靳寨乡	TOW
靳寨	TOW
公桥乡	TOW
公桥	TOW
大新镇	TOW
大新	TOW
三十里铺镇	TOW
三十里铺	TOW
安徽阜南经济开发区	TOW
韦寨镇	TOW
韦寨	TOW
三合镇	TOW
三合	TOW
安徽颍州经济开发区	TOW
苗老集镇	TOW
苗老集	TOW
地城镇	TOW
地城	TOW
十八里铺镇	TOW
十八里铺	TOW
范兴集乡	TOW
范兴集	TOW
李兴镇	TOW
李兴	TOW
庙岔镇	TOW
庙岔	TOW
田桥乡	TOW
田桥	TOW
王店镇	TOW
王店	TOW
旧县镇	TOW
旧县	TOW
许堂乡	TOW
许堂	TOW
夏桥镇	TOW
夏桥	TOW
白庙镇	TOW
白庙	TOW
张营乡	TOW
张营	TOW
袁寨镇	TOW
袁寨	TOW
芦村镇	TOW
芦村	TOW
冉庙乡	TOW
冉庙	TOW
杨湖镇	TOW
杨湖	TOW
王集镇	TOW
王集	TOW
赛涧回族乡	TOW
赛涧回族	TOW
老观乡	TOW
老观	TOW
代桥镇	TOW
代桥	TOW
吕寨镇	TOW
吕寨	TOW
顾集镇	TOW
顾集	TOW
红星镇	TOW
红星	TOW
王化镇	TOW
王化	TOW
阜阳合肥现代产业园区	TOW
任寨乡	TOW
任寨	TOW
方集镇	TOW
方集	TOW
单桥镇	TOW
单桥	TOW
闻集镇	TOW
闻集	TOW
迎仙镇	TOW
迎仙	TOW
程集镇	TOW
程集	TOW
张新镇	TOW
张新	TOW
赵集乡	TOW
赵集	TOW
杨楼孜镇	TOW
杨楼孜	TOW
舒庄镇	TOW
舒庄	TOW
枣庄镇	TOW
枣庄	TOW
新乌江镇	TOW
新乌江	TOW
滑集镇	TOW
滑集	TOW
桑营镇	TOW
桑营	TOW
新村镇	TOW
新村	TOW
柴集镇	TOW
柴集	TOW
新马集镇	TOW
新马集	TOW
段郢乡	TOW
段郢	TOW
王店孜乡	TOW
王店孜	TOW
砖集镇	TOW
砖集	TOW
坟台镇	TOW
坟台	TOW
邴集乡	TOW
邴集	TOW
泉阳镇	TOW
泉阳	TOW
田集镇	TOW
田集	TOW
刘集乡	TOW
刘集	TOW
谢集乡	TOW
谢集	TOW
宫集镇	TOW
宫集	TOW
黄岭镇	TOW
黄岭	TOW
柳沟镇	TOW
柳沟	TOW
陶庙镇	TOW
陶庙	TOW
盛堂乡	TOW
盛堂	TOW
蔡庙镇	TOW
蔡庙	TOW
插花镇	TOW
插花	TOW
胡总乡	TOW
胡总	TOW
谢桥镇	TOW
谢桥	TOW
江店孜镇	TOW
江店孜	TOW
耿棚镇	TOW
耿棚	TOW
龙王乡	TOW
龙王	TOW
五十铺乡	TOW
五十铺	TOW
黄桥镇	TOW
黄桥	TOW
建颍乡	TOW
建颍	TOW
三塔镇	TOW
三塔	TOW
关集镇	TOW
关集	TOW
西三十铺镇	TOW
西三十铺	TOW
赵集镇	TOW
黄坝乡	TOW
黄坝	TOW
润河镇	TOW
润河	TOW
马集乡	TOW
马集	TOW
垂岗乡	TOW
垂岗	TOW
六十铺镇	TOW
六十铺	TOW
田营镇	TOW
田营	TOW
关庙镇	TOW
关庙	TOW
黄岗镇	TOW
黄岗	TOW
王岗镇	TOW
王岗	TOW
大庙集镇	TOW
大庙集	TOW
同城镇	TOW
同城	TOW
五星镇	TOW
五星	TOW
老庙镇	TOW
老庙	TOW
二郎乡	TOW
二郎	TOW
皮条孙镇	TOW
皮条孙	TOW
曹集镇	TOW
曹集	TOW
光武镇	TOW
光武	TOW
瓦店镇	TOW
瓦店	TOW
姜寨镇	TOW
姜寨	TOW
肖口镇	TOW
肖口	TOW
西湖镇	TOW
西湖	TOW
高塘乡	TOW
高塘	TOW
九龙镇	TOW
九龙	TOW
伍明镇	TOW
伍明	TOW
西湖景区街道	TOW
江口镇	TOW
江口	TOW
口孜镇	TOW
口孜	TOW
双浮镇	TOW
双浮	TOW
高庙镇	TOW
高庙	TOW
杨桥镇	TOW
杨桥	TOW
老集镇	TOW
老集	TOW
大黄镇	TOW
大黄	TOW
会龙镇	TOW
会龙	TOW
半岗镇	TOW
半岗	TOW
鲁口镇	TOW
鲁口	TOW
古城镇	TOW
古城	TOW
原墙镇	TOW
原墙	TOW
马寨乡	TOW
马寨	TOW
倪邱镇	TOW
倪邱	TOW
宁老庄镇	TOW
宁老庄	TOW
王堰镇	TOW
王堰	TOW
清浅镇	TOW
清浅	TOW
赵庙镇	TOW
赵庙	TOW
长官镇	TOW
长官	TOW
土陂乡	TOW
土陂	TOW
苗集镇	TOW
苗集	TOW
艾亭镇	TOW
艾亭	TOW
南照镇	TOW
南照	TOW
行流镇	TOW
行流	TOW
朱寨镇	TOW
朱寨	TOW
双庙镇	TOW
双庙	TOW
焦陂镇	TOW
焦陂	TOW
郜台乡	TOW
郜台	TOW
王家坝镇	TOW
王家坝	TOW
杨小街乡	TOW
杨小街	TOW
琥珀街道	TOW
荷叶地街道	TOW
高新技术产业开发区	TOW
三里庵街道	TOW
桃花工业园	TOW
桃花镇	TOW
桃花	TOW
店埠镇	TOW
店埠	TOW
合肥龙岗综合经济开发区	TOW
义城街道	TOW
磨店乡	TOW
磨店	TOW
七里塘街道	TOW
肥东新城开发区	TOW
双凤开发区	TOW
城东街道	TOW
锦绣社区	TOW
芜湖路街道	TOW
望湖街道	TOW
双岗街道	TOW
三十头镇	TOW
三十头	TOW
半汤街道	TOW
庐阳工业区	TOW
车站街道	TOW
蜀山新产业园区	TOW
铜陵路街道	TOW
淝河镇	TOW
淝河	TOW
凤凰山街道	TOW
莲花社区	TOW
八里河镇	TOW
八里河	TOW
关屯乡	TOW
关屯	TOW
阜濛农场	TOW
张寨镇	TOW
张寨	TOW
谭棚镇	TOW
谭棚	TOW
阮桥镇	TOW
阮桥	TOW
于集乡	TOW
于集	TOW
新集镇	TOW
新集	TOW
长淮街道	TOW
大兴镇	TOW
大兴	TOW
南七街道	TOW
井岗镇	TOW
井岗	TOW
芙蓉社区	TOW
稻香村街道	TOW
西园街道	TOW
临湖社区管理管委会	TOW
五里墩街道	TOW
水湖镇	TOW
水湖	TOW
骆岗街道	TOW
常青街道	TOW
岗集镇	TOW
岗集	TOW
包公街道	TOW
双墩镇	TOW
双墩	TOW
下塘镇	TOW
下塘	TOW
笔架山街道	TOW
海恒社区	TOW
烟墩街道	TOW
山南镇	TOW
山南	TOW
撮镇镇	TOW
撮镇	TOW
上派镇	TOW
上派	TOW
三河镇	TOW
三河	TOW
元疃镇	TOW
元疃	TOW
小庙镇	TOW
小庙	TOW
紫蓬镇	TOW
紫蓬	TOW
丰乐镇	TOW
丰乐	TOW
庐城镇	TOW
庐城	TOW
三孝口街道	TOW
逍遥津街道	TOW
方庙街道	TOW
大圩镇	TOW
大圩	TOW
七里站街道	TOW
大通路街道	TOW
杏林街道	TOW
亚父街道	TOW
卧牛山街道	TOW
海棠街道	TOW
和平路街道	TOW
槐林镇	TOW
槐林	TOW
白山镇	TOW
白山	TOW
安徽庐江经济开发区	TOW
同大镇	TOW
同大	TOW
冶父山镇	TOW
冶父山	TOW
吴山镇	TOW
吴山	TOW
滨湖世纪社区	TOW
夏阁镇	TOW
夏阁	TOW
石塘镇	TOW
石塘	TOW
高店乡	TOW
高店	TOW
官亭镇	TOW
官亭	TOW
黄麓镇	TOW
黄麓	TOW
天河街道	TOW
烔炀镇	TOW
烔炀	TOW
明光路街道	TOW
三里街街道	TOW
杏花村街道	TOW
胜利路街道	TOW
石头镇	TOW
石头	TOW
汤池镇	TOW
汤池	TOW
红光街道	TOW
瑶海区工业园	TOW
郭河镇	TOW
郭河	TOW
三十岗乡	TOW
三十岗	TOW
亳州路街道	TOW
大杨镇	TOW
大杨	TOW
合肥循环经济示范园	TOW
南岗镇	TOW
南岗	TOW
严店乡	TOW
严店	TOW
牌坊回族满族乡	TOW
牌坊回族满族	TOW
杜集乡	TOW
杜集	TOW
花岗镇	TOW
花岗	TOW
金牛镇	TOW
金牛	TOW
造甲乡	TOW
造甲	TOW
四里河街道	TOW
罗塘乡	TOW
罗塘	TOW
银屏镇	TOW
银屏	TOW
柯坦镇	TOW
柯坦	TOW
义井乡	TOW
义井	TOW
长临河镇	TOW
长临河	TOW
罗河镇	TOW
罗河	TOW
八斗镇	TOW
八斗	TOW
桥头集镇	TOW
桥头集	TOW
紫蓬山	TOW
白龙镇	TOW
白龙	TOW
柘皋镇	TOW
柘皋	TOW
苏湾镇	TOW
苏湾	TOW
白湖镇	TOW
白湖	TOW
朱巷镇	TOW
朱巷	TOW
盛桥镇	TOW
盛桥	TOW
矾山镇	TOW
矾山	TOW
庄墓镇	TOW
庄墓	TOW
响导乡	TOW
响导	TOW
包公镇	TOW
包公	TOW
张集乡	TOW
张集	TOW
散兵镇	TOW
散兵	TOW
杨庙镇	TOW
杨庙	TOW
柿树岗乡	TOW
柿树岗	TOW
杨店乡	TOW
杨店	TOW
龙桥镇	TOW
龙桥	TOW
铭传乡	TOW
铭传	TOW
众兴乡	TOW
众兴	TOW
中垾镇	TOW
中垾	TOW
栏杆集镇	TOW
栏杆集	TOW
左店乡	TOW
左店	TOW
梁园镇	TOW
梁园	TOW
坝镇镇	TOW
坝镇	TOW
庙岗乡	TOW
庙岗	TOW
万山镇	TOW
万山	TOW
中庙街道	TOW
陶楼乡	TOW
陶楼	TOW
乐桥镇	TOW
乐桥	TOW
泥河镇	TOW
泥河	TOW
马湖乡	TOW
马湖	TOW
老街街道	TOW
昱东街道	TOW
昱中街道	TOW
富溪乡	TOW
富溪	TOW
阳湖镇	TOW
阳湖	TOW
徽城镇	TOW
徽城	TOW
碧阳镇	TOW
碧阳	TOW
黎阳镇	TOW
黎阳	TOW
祁山镇	TOW
祁山	TOW
甘棠镇	TOW
甘棠	TOW
昱西街道	TOW
徽州街道	TOW
海阳镇	TOW
海阳	TOW
郑村镇	TOW
郑村	TOW
新潭镇	TOW
新潭	TOW
屯光镇	TOW
屯光	TOW
西递镇	TOW
西递	TOW
桂林镇	TOW
桂林	TOW
黄山风景区	TOW
歙县经济开发区	TOW
汤口镇	TOW
汤口	TOW
呈坎镇	TOW
呈坎	TOW
潜口镇	TOW
潜口	TOW
万安镇	TOW
万安	TOW
深渡镇	TOW
深渡	TOW
奕棋镇	TOW
奕棋	TOW
柏溪乡	TOW
柏溪	TOW
榆村乡	TOW
榆村	TOW
宏村镇	TOW
宏村	TOW
东临溪镇	TOW
东临溪	TOW
森村乡	TOW
森村	TOW
岩寺镇	TOW
岩寺	TOW
大坦乡	TOW
大坦	TOW
齐云山镇	TOW
齐云山	TOW
塔坊乡	TOW
塔坊	TOW
五城镇	TOW
五城	TOW
龙门乡	TOW
龙门	TOW
洪星乡	TOW
洪星	TOW
渔亭镇	TOW
渔亭	TOW
西溪南镇	TOW
西溪南	TOW
三阳乡	TOW
三阳	TOW
杨村乡	TOW
杨村	TOW
商山镇	TOW
商山	TOW
王村镇	TOW
王村	TOW
耿城镇	TOW
耿城	TOW
箬坑乡	TOW
箬坑	TOW
溪头镇	TOW
溪头	TOW
闪里镇	TOW
闪里	TOW
富堨镇	TOW
富堨	TOW
谭家桥镇	TOW
谭家桥	TOW
平里镇	TOW
平里	TOW
太平湖镇	TOW
太平湖	TOW
岔口镇	TOW
岔口	TOW
杞梓里镇	TOW
杞梓里	TOW
安凌镇	TOW
安凌	TOW
仙源镇	TOW
仙源	TOW
许村镇	TOW
许村	TOW
武阳乡	TOW
武阳	TOW
新丰乡	TOW
新丰	TOW
历口镇	TOW
历口	TOW
山斗乡	TOW
山斗	TOW
雄村乡	TOW
雄村	TOW
岭南乡	TOW
岭南	TOW
溶口乡	TOW
溶口	TOW
狮石乡	TOW
狮石	TOW
街口镇	TOW
街口	TOW
陈霞乡	TOW
陈霞	TOW
坑口乡	TOW
坑口	TOW
兰田镇	TOW
兰田	TOW
上丰乡	TOW
上丰	TOW
溪口镇	TOW
溪口	TOW
新安乡	TOW
新安	TOW
白际乡	TOW
白际	TOW
流口镇	TOW
流口	TOW
祁红乡	TOW
祁红	TOW
新华乡	TOW
新华	TOW
渭桥乡	TOW
渭桥	TOW
芦溪乡	TOW
芦溪	TOW
柯村乡	TOW
柯村	TOW
璜尖乡	TOW
璜尖	TOW
新明乡	TOW
新明	TOW
北岸镇	TOW
北岸	TOW
小路口镇	TOW
小路口	TOW
源芳乡	TOW
源芳	TOW
渚口乡	TOW
渚口	TOW
凫峰镇	TOW
凫峰	TOW
小川乡	TOW
小川	TOW
乌石镇	TOW
乌石	TOW
永丰乡	TOW
永丰	TOW
长陔乡	TOW
长陔	TOW
昌溪乡	TOW
昌溪	TOW
金川乡	TOW
金川	TOW
石门乡	TOW
石门	TOW
新溪口乡	TOW
新溪口	TOW
霞坑镇	TOW
霞坑	TOW
古溪乡	TOW
古溪	TOW
鹤城乡	TOW
鹤城	TOW
璜田乡	TOW
璜田	TOW
焦村镇	TOW
焦村	TOW
三口镇	TOW
三口	TOW
金字牌镇	TOW
金字牌	TOW
绍濂乡	TOW
绍濂	TOW
美溪乡	TOW
美溪	TOW
洽舍乡	TOW
洽舍	TOW
宏潭乡	TOW
宏潭	TOW
板桥乡	TOW
板桥	TOW
龙田乡	TOW
龙田	TOW
汪村镇	TOW
汪村	TOW
玉屏街道	TOW
鳌峰街道	TOW
鼓东街道	TOW
五凤街道	TOW
温泉街道	TOW
华大街道	TOW
鼓西街道	TOW
南街街道	TOW
城峰镇	TOW
城峰	TOW
白樟镇	TOW
白樟	TOW
王庄街道	TOW
鼓山镇	TOW
鼓山	TOW
下渡街道	TOW
象园街道	TOW
对湖街道	TOW
宁化街道	TOW
新店镇	TOW
新店	TOW
新港街道	TOW
城门镇	TOW
城门	TOW
音西街道	TOW
上街镇	TOW
上街	TOW
建新镇	TOW
建新	TOW
金山街道	TOW
沙埔镇	TOW
沙埔	TOW
凤城镇	TOW
凤城	TOW
梅溪镇	TOW
梅溪	TOW
后洲街道	TOW
安泰街道	TOW
苍霞街道	TOW
甘蔗街道	TOW
岳峰镇	TOW
岳峰	TOW
瀛洲街道	TOW
航城街道	TOW
梅城镇	TOW
梅城	TOW
茶园街道	TOW
琯头镇	TOW
琯头	TOW
罗星街道	TOW
洋中街道	TOW
上渡街道	TOW
阳下街道	TOW
龙田镇	TOW
漳港街道	TOW
东街街道	TOW
水部街道	TOW
宏路街道	TOW
义洲街道	TOW
仓前街道	TOW
盖山镇	TOW
盖山	TOW
茶亭街道	TOW
上海街道	TOW
仓山镇	TOW
仓山	TOW
吴航街道	TOW
东升街道	TOW
高山镇	TOW
高山	TOW
青口镇	TOW
青口	TOW
港头镇	TOW
港头	TOW
螺洲镇	TOW
螺洲	TOW
祥谦镇	TOW
祥谦	TOW
凤山镇	TOW
凤山	TOW
亭江镇	TOW
亭江	TOW
尚干镇	TOW
尚干	TOW
樟城镇	TOW
樟城	TOW
龙江街道	TOW
临江街道	TOW
渔溪镇	TOW
渔溪	TOW
潭城镇	TOW
潭城	TOW
马尾镇	TOW
马尾	TOW
城头镇	TOW
城头	TOW
马鼻镇	TOW
马鼻	TOW
荆溪镇	TOW
荆溪	TOW
金峰镇	TOW
金峰	TOW
龙山街道	TOW
营前街道	TOW
东张镇	TOW
东张	TOW
云龙乡	TOW
云龙	TOW
梧桐镇	TOW
梧桐	TOW
红星农场	TOW
江田镇	TOW
江田	TOW
岚城乡	TOW
岚城	TOW
敖东镇	TOW
敖东	TOW
南屿镇	TOW
南屿	TOW
三叉街街道	TOW
敖江镇	TOW
敖江	TOW
起步镇	TOW
起步	TOW
坂东镇	TOW
坂东	TOW
镜洋镇	TOW
镜洋	TOW
竹岐乡	TOW
竹岐	TOW
北厝镇	TOW
北厝	TOW
宦溪镇	TOW
宦溪	TOW
江镜镇	TOW
江镜	TOW
石竹街道	TOW
晓澳镇	TOW
晓澳	TOW
上迳镇	TOW
上迳	TOW
透堡镇	TOW
透堡	TOW
下宫乡	TOW
下宫	TOW
三山镇	TOW
三山	TOW
松山镇	TOW
松山	TOW
琅岐镇	TOW
琅岐	TOW
西兰乡	TOW
西兰	TOW
海口镇	TOW
海口	TOW
白塔乡	TOW
白塔	TOW
澳前镇	TOW
澳前	TOW
梅花镇	TOW
梅花	TOW
江南乡	TOW
江南	TOW
白沙镇	TOW
白沙	TOW
浦口镇	TOW
浦口	TOW
平原镇	TOW
平原	TOW
长庆镇	TOW
长庆	TOW
猴屿乡	TOW
猴屿	TOW
江洋农场	TOW
文岭镇	TOW
文岭	TOW
罗源湾	TOW
盖洋乡	TOW
盖洋	TOW
东洋乡	TOW
东洋	TOW
上莲乡	TOW
上莲	TOW
罗联乡	TOW
罗联	TOW
大湖乡	TOW
大湖	TOW
东庠乡	TOW
东庠	TOW
东湖镇	TOW
东湖	TOW
池园镇	TOW
池园	TOW
清凉镇	TOW
清凉	TOW
文武砂镇	TOW
文武砂	TOW
岭路乡	TOW
岭路	TOW
东岱镇	TOW
东岱	TOW
新厝镇	TOW
新厝	TOW
湖南镇	TOW
湖南	TOW
古槐镇	TOW
古槐	TOW
鹤上镇	TOW
鹤上	TOW
寿山乡	TOW
寿山	TOW
南通镇	TOW
南通	TOW
白云乡	TOW
白云	TOW
省璜镇	TOW
省璜	TOW
东阁华侨	TOW
潭头镇	TOW
潭头	TOW
三溪乡	TOW
三溪	TOW
塔庄镇	TOW
塔庄	TOW
南海乡	TOW
南海	TOW
江阴镇	TOW
江阴	TOW
富泉乡	TOW
富泉	TOW
中楼乡	TOW
中楼	TOW
潘渡乡	TOW
潘渡	TOW
流水镇	TOW
流水	TOW
丹阳镇	TOW
丹阳	TOW
洋里乡	TOW
洋里	TOW
盘谷乡	TOW
盘谷	TOW
首占镇	TOW
首占	TOW
鉴江镇	TOW
鉴江	TOW
赤锡乡	TOW
赤锡	TOW
筱埕镇	TOW
筱埕	TOW
一都镇	TOW
一都	TOW
塘前乡	TOW
塘前	TOW
小箬乡	TOW
小箬	TOW
玉田镇	TOW
玉田	TOW
苔菉镇	TOW
苔菉	TOW
金沙镇	TOW
金沙	TOW
东桥镇	TOW
东桥	TOW
廷坪乡	TOW
廷坪	TOW
官坂镇	TOW
官坂	TOW
江镜华侨	TOW
葛岭镇	TOW
葛岭	TOW
鸿尾乡	TOW
鸿尾	TOW
坑园镇	TOW
坑园	TOW
大洋镇	TOW
大洋	TOW
红星乡	TOW
南岭镇	TOW
南岭	TOW
下祝乡	TOW
下祝	TOW
白青乡	TOW
白青	TOW
白中镇	TOW
白中	TOW
嵩口镇	TOW
嵩口	TOW
蓼沿乡	TOW
蓼沿	TOW
碧里乡	TOW
碧里	TOW
雄江镇	TOW
雄江	TOW
霞拔乡	TOW
霞拔	TOW
飞竹镇	TOW
飞竹	TOW
安凯乡	TOW
安凯	TOW
黄岐镇	TOW
黄岐	TOW
松下镇	TOW
松下	TOW
桔林乡	TOW
桔林	TOW
大练乡	TOW
大练	TOW
东瀚镇	TOW
东瀚	TOW
同安镇	TOW
同安	TOW
长龙镇	TOW
长龙	TOW
中房镇	TOW
中房	TOW
日溪乡	TOW
日溪	TOW
丹云乡	TOW
丹云	TOW
霍口畲族乡	TOW
霍口畲族	TOW
小沧畲族乡	TOW
小沧畲族	TOW
苏澳镇	TOW
苏澳	TOW
洑口乡	TOW
洑口	TOW
洪洋乡	TOW
洪洋	TOW
芦洋乡	TOW
芦洋	TOW
陈埭镇	TOW
陈埭	TOW
青阳街道	TOW
桃城镇	TOW
桃城	TOW
龙浔镇	TOW
龙浔	TOW
崇武镇	TOW
崇武	TOW
溪美街道	TOW
内坑镇	TOW
内坑	TOW
螺城镇	TOW
螺城	TOW
梅岭街道	TOW
城厢镇	TOW
城厢	TOW
惠南工业区	TOW
官桥镇	TOW
官桥	TOW
湖滨街道	TOW
磁灶镇	TOW
磁灶	TOW
金龙街道	TOW
东湖街道	TOW
东海街道	TOW
锦尚镇	TOW
锦尚	TOW
常泰街道	TOW
海滨街道	TOW
鲤中街道	TOW
山腰街道	TOW
柳城街道	TOW
界山镇	TOW
界山	TOW
石井镇	TOW
石井	TOW
洛阳镇	TOW
洛阳	TOW
北峰街道	TOW
安海镇	TOW
安海	TOW
罗山街道	TOW
南埔镇	TOW
南埔	TOW
深沪镇	TOW
深沪	TOW
美林街道	TOW
开元街道	TOW
宝盖镇	TOW
宝盖	TOW
泉秀街道	TOW
江南街道	TOW
灵秀镇	TOW
灵秀	TOW
西滨镇	TOW
西滨	TOW
鸿山镇	TOW
鸿山	TOW
水头镇	TOW
水头	TOW
洪濑镇	TOW
洪濑	TOW
东岭镇	TOW
东岭	TOW
万安街道	TOW
晋江市经济开发区	TOW
霞美镇	TOW
霞美	TOW
罗东镇	TOW
罗东	TOW
丰泽街道	TOW
浮桥街道	TOW
清源街道	TOW
安平开发区	TOW
永和镇	TOW
永和	TOW
凤里街道	TOW
英林镇	TOW
英林	TOW
五里街镇	TOW
五里街	TOW
新塘街道	TOW
池店镇	TOW
池店	TOW
英都镇	TOW
英都	TOW
百崎回族乡	TOW
百崎回族	TOW
仑苍镇	TOW
仑苍	TOW
呈祥乡	TOW
呈祥	TOW
龙湖镇	TOW
龙湖	TOW
省新镇	TOW
省新	TOW
金井镇	TOW
金井	TOW
南埕镇	TOW
南埕	TOW
坑仔口镇	TOW
坑仔口	TOW
东石镇	TOW
东石	TOW
丰州镇	TOW
丰州	TOW
永宁镇	TOW
永宁	TOW
梅山镇	TOW
梅山	TOW
灵源街道	TOW
横口乡	TOW
横口	TOW
清濛经济开发区	TOW
浔中镇	TOW
浔中	TOW
涂岭镇	TOW
涂岭	TOW
东园镇	TOW
东园	TOW
蚶江镇	TOW
蚶江	TOW
黄塘镇	TOW
黄塘	TOW
龙门滩镇	TOW
龙门滩	TOW
峰尾镇	TOW
峰尾	TOW
下洋镇	TOW
下洋	TOW
诗山镇	TOW
诗山	TOW
涂寨镇	TOW
涂寨	TOW
魁斗镇	TOW
魁斗	TOW
西坪镇	TOW
西坪	TOW
桂洋镇	TOW
桂洋	TOW
外山乡	TOW
外山	TOW
辋川镇	TOW
辋川	TOW
东平镇	TOW
东平	TOW
介福乡	TOW
介福	TOW
虎邱镇	TOW
虎邱	TOW
螺阳镇	TOW
螺阳	TOW
感德镇	TOW
感德	TOW
双阳街道	TOW
紫帽镇	TOW
紫帽	TOW
河市镇	TOW
河市	TOW
前黄镇	TOW
前黄	TOW
康美镇	TOW
康美	TOW
城南工业区	TOW
参内乡	TOW
参内	TOW
张坂镇	TOW
张坂	TOW
后龙镇	TOW
后龙	TOW
苏坑镇	TOW
苏坑	TOW
泉州出口加工区	TOW
三班镇	TOW
三班	TOW
吾峰镇	TOW
吾峰	TOW
石鼓镇	TOW
石鼓	TOW
达埔镇	TOW
达埔	TOW
洪梅镇	TOW
洪梅	TOW
东关镇	TOW
东关	TOW
祥芝镇	TOW
祥芝	TOW
紫山镇	TOW
紫山	TOW
山霞镇	TOW
山霞	TOW
岵山镇	TOW
岵山	TOW
乐峰镇	TOW
乐峰	TOW
大坪乡	TOW
大坪	TOW
雷峰镇	TOW
雷峰	TOW
马甲镇	TOW
马甲	TOW
湖洋镇	TOW
湖洋	TOW
仙夹镇	TOW
仙夹	TOW
净峰镇	TOW
净峰	TOW
雪峰管委会	TOW
翔云镇	TOW
翔云	TOW
蓬华镇	TOW
蓬华	TOW
湖上乡	TOW
湖上	TOW
汤头乡	TOW
汤头	TOW
屿头乡	TOW
屿头	TOW
玉斗镇	TOW
玉斗	TOW
葛坑镇	TOW
葛坑	TOW
赤水镇	TOW
赤水	TOW
盖德镇	TOW
盖德	TOW
罗溪镇	TOW
罗溪	TOW
眉山乡	TOW
眉山	TOW
金淘镇	TOW
金淘	TOW
蓬壶镇	TOW
蓬壶	TOW
桂阳乡	TOW
桂阳	TOW
龙门镇	TOW
福田乡	TOW
福田	TOW
芦田镇	TOW
芦田	TOW
东田镇	TOW
东田	TOW
白濑乡	TOW
白濑	TOW
锦斗镇	TOW
锦斗	TOW
码头镇	TOW
码头	TOW
长坑乡	TOW
长坑	TOW
金谷镇	TOW
金谷	TOW
蓬莱镇	TOW
蓬莱	TOW
向阳乡	TOW
向阳	TOW
上涌镇	TOW
上涌	TOW
春美乡	TOW
春美	TOW
九都镇	TOW
九都	TOW
美湖镇	TOW
美湖	TOW
虹山乡	TOW
虹山	TOW
尚卿乡	TOW
尚卿	TOW
水口镇	TOW
水口	TOW
小岞镇	TOW
小岞	TOW
湖头镇	TOW
湖头	TOW
龙涓乡	TOW
龙涓	TOW
杨梅乡	TOW
杨梅	TOW
剑斗镇	TOW
剑斗	TOW
祥华乡	TOW
祥华	TOW
蓝田乡	TOW
蓝田	TOW
大铭乡	TOW
大铭	TOW
桃舟乡	TOW
桃舟	TOW
侨英街道	TOW
滨海街道	TOW
殿前街道	TOW
筼筜街道	TOW
灌口镇	TOW
灌口	TOW
鹭江街道	TOW
厦港街道	TOW
梧村街道	TOW
海沧街道	TOW
嘉莲街道	TOW
后溪镇	TOW
后溪	TOW
江头街道	TOW
中华街道	TOW
杏滨街道	TOW
鼓浪屿街道	TOW
大同街道	TOW
祥平街道	TOW
莲前街道	TOW
湖里街道	TOW
禾山街道	TOW
海沧农场	TOW
西柯镇	TOW
西柯	TOW
五显镇	TOW
五显	TOW
新民镇	TOW
新民	TOW
新阳街道	TOW
马巷镇	TOW
马巷	TOW
集美街道	TOW
东孚镇	TOW
东孚	TOW
洪塘镇	TOW
洪塘	TOW
新圩镇	TOW
新圩	TOW
汀溪镇	TOW
汀溪	TOW
第二农场	TOW
内厝镇	TOW
内厝	TOW
莲花镇	TOW
莲花	TOW
厦门海沧保税港区	TOW
天竺山林场	TOW
象屿保税区	TOW
国宝乡	TOW
国宝	TOW
竹坝华侨农场	TOW
大嶝街道	TOW
第一农场	TOW
天马华侨农场	TOW
白沙仑农场	TOW
大帽山农场	TOW
坂头防护林场	TOW
火炬高技术开发区	TOW
省天马种猪场	TOW
凤南农场	TOW
一条山镇	TOW
一条山	TOW
公园路街道	TOW
纺织路街道	TOW
人民路街道	TOW
四龙路街道	TOW
兴平路街道	TOW
王岘镇	TOW
王岘	TOW
宝积乡	TOW
宝积	TOW
工农路街道	TOW
长征街道	TOW
电力路街道	TOW
会师镇	TOW
会师	TOW
乌兰镇	TOW
乌兰	TOW
柴家门乡	TOW
柴家门	TOW
北滩乡	TOW
北滩	TOW
武川乡	TOW
武川	TOW
条山集团	TOW
寺滩乡	TOW
寺滩	TOW
强湾乡	TOW
强湾	TOW
草滩乡	TOW
草滩	TOW
双龙乡	TOW
双龙	TOW
太平店镇	TOW
太平店	TOW
新庄乡	TOW
新庄	TOW
黄峤乡	TOW
黄峤	TOW
四龙镇	TOW
四龙	TOW
东湾镇	TOW
东湾	TOW
兴隆乡	TOW
兴隆	TOW
三滩乡	TOW
三滩	TOW
芦阳镇	TOW
芦阳	TOW
丁家沟乡	TOW
丁家沟	TOW
平堡乡	TOW
平堡	TOW
侯家川乡	TOW
侯家川	TOW
北湾镇	TOW
北湾	TOW
水川镇	TOW
水川	TOW
土高山乡	TOW
土高山	TOW
刘家寨子乡	TOW
刘家寨子	TOW
复兴乡	TOW
复兴	TOW
水泉镇	TOW
水泉	TOW
郭城驿镇	TOW
郭城驿	TOW
喜泉镇	TOW
喜泉	TOW
中川乡	TOW
中川	TOW
头寨子镇	TOW
头寨子	TOW
四房吴乡	TOW
四房吴	TOW
平头川乡	TOW
平头川	TOW
正路乡	TOW
正路	TOW
中泉乡	TOW
中泉	TOW
刘川乡	TOW
刘川	TOW
八里湾乡	TOW
八里湾	TOW
大沟乡	TOW
大沟	TOW
党家岘乡	TOW
党家岘	TOW
老君坡乡	TOW
老君坡	TOW
白草塬乡	TOW
白草塬	TOW
糜滩乡	TOW
糜滩	TOW
红水镇	TOW
红水	TOW
西南街街道	TOW
城市社区	TOW
红柳湾镇	TOW
红柳湾	TOW
沙州镇	TOW
沙州	TOW
东南街街道	TOW
新城街道	TOW
东北街街道	TOW
泉湖乡	TOW
泉湖	TOW
新市区街道	TOW
渊泉镇	TOW
渊泉	TOW
党城湾镇	TOW
党城湾	TOW
工业园街道	TOW
西北街街道	TOW
酒泉经济技术开发区	TOW
果园乡	TOW
果园	TOW
金塔镇	TOW
金塔	TOW
西峰乡	TOW
西峰	TOW
玉门镇	TOW
玉门	TOW
西湖乡	TOW
玉门油田生活基地街道	TOW
永新乡	TOW
永新	TOW
农林场站	TOW
肃州镇	TOW
肃州	TOW
月牙泉镇	TOW
月牙泉	TOW
青海石油管理局生活基地	TOW
转渠口镇	TOW
转渠口	TOW
古城乡	TOW
五合乡	TOW
五合	TOW
大芦乡	TOW
大芦	TOW
草窝滩镇	TOW
草窝滩	TOW
西洞镇	TOW
西洞	TOW
七里镇	TOW
七里	TOW
莫高镇	TOW
莫高	TOW
梁湖乡	TOW
梁湖	TOW
三墩镇	TOW
三墩	TOW
河畔镇	TOW
河畔	TOW
东升乡	TOW
东升	TOW
杨崖集乡	TOW
杨崖集	TOW
若笠乡	TOW
若笠	TOW
翟家所乡	TOW
翟家所	TOW
新添堡回族乡	TOW
新添堡回族	TOW
种田乡	TOW
种田	TOW
东坝镇	TOW
东坝	TOW
羊井子湾乡	TOW
羊井子湾	TOW
银达镇	TOW
银达	TOW
中东镇	TOW
中东	TOW
红会路街道	TOW
汉家岔乡	TOW
汉家岔	TOW
上沙沃镇	TOW
上沙沃	TOW
阿克旗乡	TOW
阿克旗	TOW
三合乡	TOW
锁阳城镇	TOW
锁阳城	TOW
总寨镇	TOW
总寨	TOW
五佛乡	TOW
五佛	TOW
瓜州乡	TOW
瓜州	TOW
高湾乡	TOW
高湾	TOW
靖安乡	TOW
靖安	TOW
共和镇	TOW
共和	TOW
甘沟驿镇	TOW
甘沟驿	TOW
东洞乡	TOW
东洞	TOW
玉门市黄闸湾乡	TOW
玉门市黄闸湾	TOW
新塬乡	TOW
新塬	TOW
王家山镇	TOW
王家山	TOW
土门岘乡	TOW
土门岘	TOW
东镇街道	TOW
七墩回族东乡族乡	TOW
七墩回族东乡族	TOW
大庄子乡	TOW
大庄子	TOW
赤金镇	TOW
赤金	TOW
河东乡	TOW
河东	TOW
韩家集乡	TOW
韩家集	TOW
布隆吉乡	TOW
布隆吉	TOW
广至藏族乡	TOW
广至藏族	TOW
柳湖乡	TOW
柳湖	TOW
清泉乡	TOW
清泉	TOW
工业园区	TOW
甘肃亚盛农工商集团有限责任公司	TOW
南岔镇	TOW
南岔	TOW
盐池湾乡	TOW
盐池湾	TOW
国营小宛农场	TOW
黄渠乡	TOW
黄渠	TOW
腰站子东乡族乡	TOW
腰站子东乡族	TOW
柳园镇	TOW
柳园	TOW
下西号乡	TOW
下西号	TOW
甘肃农垦裕盛农业公司	TOW
航天镇	TOW
航天	TOW
昌马乡	TOW
昌马	TOW
老市区	TOW
阳关镇	TOW
阳关	TOW
漫水滩乡	TOW
漫水滩	TOW
三道沟镇	TOW
三道沟	TOW
阿勒腾乡	TOW
阿勒腾	TOW
国营饮马农场	TOW
下河清乡	TOW
下河清	TOW
丰乐乡	TOW
甘肃省农垦建筑工程公司	TOW
鼎新镇	TOW
鼎新	TOW
花海镇	TOW
花海	TOW
郭家堡乡	TOW
郭家堡	TOW
石包城乡	TOW
石包城	TOW
西坝乡	TOW
西坝	TOW
国营黄花农场	TOW
铧尖乡	TOW
铧尖	TOW
国营下河清农场	TOW
独山子乡	TOW
独山子	TOW
双塔乡	TOW
双塔	TOW
马鬃山镇	TOW
马鬃山	TOW
上坝镇	TOW
上坝	TOW
黄泥堡乡	TOW
黄泥堡	TOW
清水镇	TOW
清水	TOW
国营敦煌农场	TOW
温泉乡	TOW
温泉	TOW
环城镇	TOW
环城	TOW
庆城镇	TOW
庆城	TOW
西街街道	TOW
西华池镇	TOW
西华池	TOW
北街街道	TOW
三嘉乡	TOW
三嘉	TOW
山河镇	TOW
山河	TOW
柔远镇	TOW
柔远	TOW
湫头乡	TOW
湫头	TOW
中原乡	TOW
中原	TOW
后官寨乡	TOW
后官寨	TOW
董志镇	TOW
董志	TOW
临泾乡	TOW
临泾	TOW
甜水镇	TOW
甜水	TOW
芦家湾乡	TOW
芦家湾	TOW
新宁镇	TOW
新宁	TOW
山庄乡	TOW
山庄	TOW
玄马镇	TOW
玄马	TOW
彭原乡	TOW
彭原	TOW
武沟乡	TOW
武沟	TOW
洪德乡	TOW
洪德	TOW
周家乡	TOW
周家	TOW
瓦斜乡	TOW
瓦斜	TOW
榆林子镇	TOW
榆林子	TOW
固城乡	TOW
固城	TOW
米桥乡	TOW
米桥	TOW
林镇乡	TOW
林镇	TOW
新城乡	TOW
新城	TOW
显胜乡	TOW
显胜	TOW
新庄镇	TOW
庙渠乡	TOW
庙渠	TOW
肖咀乡	TOW
肖咀	TOW
白马乡	TOW
白马	TOW
紫坊畔乡	TOW
紫坊畔	TOW
高楼乡	TOW
高楼	TOW
开边镇	TOW
开边	TOW
南义乡	TOW
南义	TOW
天池乡	TOW
天池	TOW
合道乡	TOW
合道	TOW
赤城乡	TOW
赤城	TOW
春荣乡	TOW
春荣	TOW
翟家河乡	TOW
翟家河	TOW
土桥乡	TOW
土桥	TOW
蔡家庙乡	TOW
蔡家庙	TOW
和盛镇	TOW
和盛	TOW
良平乡	TOW
良平	TOW
新集乡	TOW
南川乡	TOW
南川	TOW
小南沟乡	TOW
小南沟	TOW
怀安乡	TOW
怀安	TOW
宫河镇	TOW
宫河	TOW
乔川乡	TOW
乔川	TOW
屯字镇	TOW
屯字	TOW
三岔镇	TOW
三岔	TOW
太白梁乡	TOW
太白梁	TOW
孟坝镇	TOW
孟坝	TOW
早胜镇	TOW
早胜	TOW
焦村乡	TOW
太昌乡	TOW
太昌	TOW
西坡乡	TOW
西坡	TOW
悦乐镇	TOW
悦乐	TOW
什社乡	TOW
什社	TOW
南庄乡	TOW
南庄	TOW
小金湾乡	TOW
小金湾	TOW
沙河回族乡	TOW
沙河回族	TOW
六墩乡	TOW
六墩	TOW
平子镇	TOW
平子	TOW
城壕乡	TOW
城壕	TOW
驿马镇	TOW
驿马	TOW
何家畔乡	TOW
何家畔	TOW
毛井乡	TOW
毛井	TOW
湘乐镇	TOW
湘乐	TOW
盘克镇	TOW
盘克	TOW
老城镇	TOW
老城	TOW
樊家川乡	TOW
樊家川	TOW
山城乡	TOW
山城	TOW
王咀子乡	TOW
王咀子	TOW
柳河乡	TOW
柳河	TOW
长庆桥镇	TOW
长庆桥	TOW
秦团庄乡	TOW
秦团庄	TOW
蒿咀铺乡	TOW
蒿咀铺	TOW
殷家城乡	TOW
殷家城	TOW
太莪乡	TOW
太莪	TOW
太白镇	TOW
太白	TOW
店子乡	TOW
店子	TOW
上肖乡	TOW
上肖	TOW
蔡口集乡	TOW
蔡口集	TOW
九岘乡	TOW
九岘	TOW
五蛟乡	TOW
五蛟	TOW
马渠乡	TOW
马渠	TOW
车道乡	TOW
车道	TOW
曲子镇	TOW
曲子	TOW
金佛寺镇	TOW
金佛寺	TOW
虎洞乡	TOW
虎洞	TOW
马岭镇	TOW
马岭	TOW
耿湾乡	TOW
耿湾	TOW
八珠乡	TOW
八珠	TOW
方山乡	TOW
方山	TOW
中村乡	TOW
中村	TOW
肖金镇	TOW
肖金	TOW
桐川乡	TOW
桐川	TOW
段家集乡	TOW
段家集	TOW
南湫乡	TOW
南湫	TOW
四合原旅游开发办公室	TOW
罗山川乡	TOW
罗山川	TOW
木钵镇	TOW
木钵	TOW
白马铺乡	TOW
白马铺	TOW
太平镇	TOW
太平	TOW
五顷原乡	TOW
五顷原	TOW
乔河乡	TOW
乔河	TOW
南梁镇	TOW
南梁	TOW
吉岘乡	TOW
吉岘	TOW
演武乡	TOW
演武	TOW
元城镇	TOW
元城	TOW
平泉镇	TOW
平泉	TOW
郭原乡	TOW
郭原	TOW
金村乡	TOW
金村	TOW
永正乡	TOW
永正	TOW
上里塬乡	TOW
上里塬	TOW
兴华街道	TOW
永平街道	TOW
林和街道	TOW
员村街道	TOW
华乐街道	TOW
天河南街道	TOW
大东街道	TOW
黄石街道	TOW
赤岗街道	TOW
市桥街道	TOW
西村街道	TOW
琶洲街道	TOW
石牌街道	TOW
车陂街道	TOW
大龙街道	TOW
光塔街道	TOW
龙洞街道	TOW
逢源街道	TOW
嘉禾街道	TOW
六榕街道	TOW
多宝街道	TOW
凤凰街道	TOW
三元里街道	TOW
素社街道	TOW
黄花岗街道	TOW
沙头街道	TOW
均禾街道	TOW
猎德街道	TOW
人民街道	TOW
建设街道	TOW
北京街道	TOW
珠吉街道	TOW
华林街道	TOW
桥中街道	TOW
南岗街道	TOW
白云街道	TOW
江南中街道	TOW
东区街道	TOW
新塘镇	TOW
新塘	TOW
荔城街道	TOW
石井街道	TOW
鳌头镇	TOW
鳌头	TOW
南源街道	TOW
瑞宝街道	TOW
东山街道	TOW
洛浦街道	TOW
五山街道	TOW
矿泉街道	TOW
天园街道	TOW
前进街道	TOW
花东镇	TOW
花东	TOW
冼村街道	TOW
新市街道	TOW
同和街道	TOW
大石街道	TOW
站前街道	TOW
南村镇	TOW
南村	TOW
农林街道	TOW
沙园街道	TOW
景泰街道	TOW
化龙镇	TOW
化龙	TOW
钟村街道	TOW
同德街道	TOW
洪桥街道	TOW
棠下街道	TOW
茶滘街道	TOW
仙村镇	TOW
仙村	TOW
南洲街道	TOW
凤阳街道	TOW
街口街道	TOW
狮岭镇	TOW
狮岭	TOW
龙凤街道	TOW
东涌镇	TOW
东涌	TOW
棠景街道	TOW
黄埔街道	TOW
东环街道	TOW
海幢街道	TOW
大岗镇	TOW
大岗	TOW
龙津街道	TOW
石围塘街道	TOW
彩虹街道	TOW
人和镇	TOW
人和	TOW
昌岗街道	TOW
红山街道	TOW
东漖街道	TOW
松洲街道	TOW
江埔街道	TOW
联和街道	TOW
南石头街道	TOW
钟落潭镇	TOW
钟落潭	TOW
石壁街道	TOW
海龙街道	TOW
江高镇	TOW
江高	TOW
大塘街道	TOW
滨江街道	TOW
花地街道	TOW
南华西街道	TOW
长兴街道	TOW
增江街道	TOW
赤坭镇	TOW
赤坭	TOW
沙东街道	TOW
小谷围街道	TOW
太和镇	TOW
太和	TOW
黄村街道	TOW
沙河街道	TOW
京溪街道	TOW
炭步镇	TOW
炭步	TOW
珠光街道	TOW
朱村街道	TOW
南沙街道	TOW
桥南街道	TOW
金花街道	TOW
榄核镇	TOW
榄核	TOW
荔联街道	TOW
华洲街道	TOW
石楼镇	TOW
石楼	TOW
金沙街道	TOW
元岗街道	TOW
昌华街道	TOW
江海街道	TOW
永宁街道	TOW
花山镇	TOW
花山	TOW
沙湾镇	TOW
沙湾	TOW
鱼珠街道	TOW
官洲街道	TOW
梅花村街道	TOW
登峰街道	TOW
白鹤洞街道	TOW
萝岗街道	TOW
黄阁镇	TOW
黄阁	TOW
石滩镇	TOW
石滩	TOW
长洲街道	TOW
珠江街道	TOW
岭南街道	TOW
流花街道	TOW
石基镇	TOW
石基	TOW
大沙街道	TOW
夏港街道	TOW
穗东街道	TOW
城郊街道	TOW
良口镇	TOW
良口	TOW
东沙街道	TOW
温泉镇	TOW
新造镇	TOW
新造	TOW
冲口街道	TOW
派潭镇	TOW
派潭	TOW
文冲街道	TOW
中南街道	TOW
中新镇	TOW
中新	TOW
永和街道	TOW
小楼镇	TOW
小楼	TOW
龙穴街道	TOW
雅瑶镇	TOW
雅瑶	TOW
正果镇	TOW
正果	TOW
沙面街道	TOW
万顷沙镇	TOW
万顷沙	TOW
梯面镇	TOW
梯面	TOW
横沥镇	TOW
横沥	TOW
吕田镇	TOW
吕田	TOW
流溪河林场	TOW
黄龙带水库管理处	TOW
